<?xml version="1.0" encoding="UTF-8"?>
<project-private xmlns="http://www.netbeans.org/ns/project-private/1">
    <editor-bookmarks xmlns="http://www.netbeans.org/ns/editor-bookmarks/2" lastBookmarkId="0"/>
    <open-files xmlns="http://www.netbeans.org/ns/projectui-open-files/2">
        <group>
            <file>file:/C:/Users/Scar/Documents/NetBeansProjects/CS471ProjectOne/src/cs471projectone/dispatcher.java</file>
            <file>file:/C:/Users/Scar/Documents/NetBeansProjects/CS471ProjectOne/README.txt</file>
            <file>file:/C:/Users/Scar/Documents/NetBeansProjects/CS471ProjectOne/processes_A.txt</file>
            <file>file:/C:/Users/Scar/Documents/NetBeansProjects/CS471ProjectOne/src/cs471projectone/Process.java</file>
            <file>file:/C:/Users/Scar/Documents/NetBeansProjects/CS471ProjectOne/processes_B.txt</file>
            <file>file:/C:/Users/Scar/Documents/NetBeansProjects/CS471ProjectOne/src/cs471projectone/CS471ProjectOne.java</file>
        </group>
    </open-files>
</project-private>
